,9210,9211,9212,9213,9214,9215,9216,9217,9218
EPI_ISL_407214,T,V,S,C,S,P,F,T,I
EPI_ISL_408515,T,V,S,C,L,P,F,T,I
EPI_ISL_406970,T,V,S,C,L,P,F,T,I
EPI_ISL_402120,T,V,S,C,L,P,F,T,I
EPI_ISL_403963,T,V,S,C,L,P,F,T,I
EPI_ISL_410545,T,V,S,C,L,P,F,T,I
EPI_ISL_410721,T,V,S,C,S,P,F,T,I
EPI_ISL_410541,T,V,S,C,S,P,F,T,I
EPI_ISL_410718,T,V,S,C,S,P,F,T,I
EPI_ISL_410539,T,V,S,C,S,P,F,T,I
EPI_ISL_407894,T,V,S,C,S,P,F,T,I
EPI_ISL_402124,T,V,S,C,L,P,F,T,I
EPI_ISL_409067,T,V,S,C,L,P,F,T,I
EPI_ISL_402119,T,V,S,C,L,P,F,T,I
EPI_ISL_408489,T,V,S,C,S,P,F,T,I
NMDC60013002-06,T,V,S,C,L,P,F,T,I
EPI_ISL_408431,T,V,S,C,L,P,F,T,I
EPI_ISL_408668,T,V,S,C,S,P,F,T,I
EPI_ISL_408511,T,V,S,C,L,P,F,T,I
EPI_ISL_407896,T,V,S,C,S,P,F,T,I
EPI_ISL_407976,T,V,S,C,S,P,F,T,I
EPI_ISL_406031,T,V,S,C,L,P,F,T,I
EPI_ISL_407313,T,V,S,C,L,P,F,T,I
EPI_ISL_402121,T,V,S,C,L,P,F,T,I
EPI_ISL_403962,T,V,S,C,L,P,F,T,I
EPI_ISL_410720,T,V,S,C,L,P,F,T,I
EPI_ISL_407193,T,V,S,C,S,P,F,T,I
EPI_ISL_406036,T,V,S,C,L,P,F,T,I
EPI_ISL_407073,T,V,S,C,S,P,F,T,I
EPI_ISL_410546,T,V,S,C,L,P,F,T,I
EPI_ISL_406034,T,V,S,C,S,P,F,T,I
EPI_ISL_407071,T,V,S,C,S,P,F,T,I
EPI_ISL_406538,T,V,S,C,L,P,F,T,I
EPI_ISL_407215,T,V,S,C,S,P,F,T,I
EPI_ISL_404227,T,V,S,C,L,P,F,T,I
EPI_ISL_408514,T,V,S,C,L,P,F,T,I
EPI_ISL_407893,T,V,S,C,S,P,F,T,I
EPI_ISL_402123,T,V,S,C,L,P,F,T,I
EPI_ISL_406973,T,V,S,C,L,P,F,T,I
EPI_ISL_402127,T,V,S,C,L,P,F,T,I
EPI_ISL_408669,T,V,S,C,L,P,F,T,I
EPI_ISL_408488,T,V,S,C,L,P,F,T,I
NMDC60013002-07,T,V,S,C,L,P,F,T,I
EPI_ISL_408430,T,V,S,C,L,P,F,T,I
EPI_ISL_406030,T,V,S,C,S,P,F,T,I
EPI_ISL_406798,T,V,S,C,L,P,F,T,I
EPI_ISL_405839,T,V,S,C,S,P,F,T,I
EPI_ISL_408670,T,V,S,C,L,P,F,T,I
EPI_ISL_410538,T,V,S,C,S,P,F,T,I
EPI_ISL_410719,T,V,S,C,L,P,F,T,I
EPI_ISL_410540,T,V,S,C,S,P,F,T,I
EPI_ISL_407988,T,V,S,C,L,P,F,T,I
EPI_ISL_402125,T,V,S,C,L,P,F,T,I
EPI_ISL_402129,T,V,S,C,L,P,F,T,I
EPI_ISL_408667,T,V,S,C,S,P,F,T,I
EPI_ISL_406593,T,V,S,C,S,P,F,T,I
EPI_ISL_408486,T,V,S,C,L,P,F,T,I
NMDC60013002-09,T,V,S,C,L,P,F,T,I
EPI_ISL_403936,T,V,S,C,L,P,F,T,I
EPI_ISL_402130,T,V,S,C,L,P,F,T,I
EPI_ISL_410715,T,V,S,C,L,P,F,T,I
NMDC60013002-10,T,V,S,C,L,P,F,T,I
EPI_ISL_408009,T,V,S,C,L,P,F,T,I
EPI_ISL_410536,T,V,S,C,L,P,F,T,I
EPI_ISL_403934,T,V,S,C,L,P,F,T,I
EPI_ISL_402132,T,V,S,C,L,P,F,T,I
EPI_ISL_410717,T,V,S,C,S,P,F,T,I
EPI_ISL_407084,T,V,S,C,L,P,F,T,I
EPI_ISL_408665,T,V,S,C,S,P,F,T,I
EPI_ISL_408484,T,V,S,C,S,P,F,T,I
EPI_ISL_408010,T,V,S,C,L,P,F,T,I
EPI_ISL_408479,T,V,S,C,L,P,F,T,I
EPI_ISL_408480,T,V,S,C,S,P,F,T,I
EPI_ISL_406595,T,V,S,C,L,P,F,T,I
EPI_ISL_403929,T,V,S,C,L,P,F,T,I
EPI_ISL_408977,T,V,S,C,L,P,F,T,I
EPI_ISL_406862,T,V,S,C,L,P,F,T,I
EPI_ISL_410532,T,V,S,C,L,P,F,T,I
EPI_ISL_406534,T,V,S,C,L,P,F,T,I
EPI_ISL_404253,T,V,S,C,X,P,F,T,I
EPI_ISL_403930,T,V,S,C,L,P,F,T,I
EPI_ISL_410713,T,V,S,C,L,P,F,T,I
EPI_ISL_403932,T,V,S,C,S,P,F,T,I
EPI_ISL_406717,T,V,S,C,L,P,F,T,I
EPI_ISL_410044,T,V,S,C,L,P,F,T,I
EPI_ISL_406801,T,V,S,C,S,P,F,T,I
EPI_ISL_406844,T,V,S,C,L,P,F,T,I
EPI_ISL_406536,T,V,S,C,L,P,F,T,I
EPI_ISL_406597,T,V,S,C,L,P,F,T,I
EPI_ISL_408482,T,V,S,C,L,P,F,T,I
EPI_ISL_403935,T,V,S,C,S,P,F,T,I
EPI_ISL_410716,T,V,S,C,L,P,F,T,I
EPI_ISL_408008,T,V,S,C,L,P,F,T,I
EPI_ISL_410537,T,V,S,C,L,P,F,T,I
EPI_ISL_406531,T,V,S,C,L,P,F,T,I
EPI_ISL_407987,T,V,S,C,L,P,F,T,I
EPI_ISL_408485,T,V,S,C,S,P,F,T,I
EPI_ISL_408478,T,V,S,C,S,P,F,T,I
EPI_ISL_404895,T,V,S,C,S,P,F,T,I
EPI_ISL_406592,T,V,S,C,S,P,F,T,I
NMDC60013002-08,T,V,S,C,L,P,F,T,I
EPI_ISL_408666,T,V,S,C,S,P,F,T,I
EPI_ISL_402128,T,V,S,C,L,P,F,T,I
EPI_ISL_410535,T,V,S,C,S,P,F,T,I
EPI_ISL_406533,T,V,S,C,L,P,F,T,I
EPI_ISL_410218,T,V,S,C,L,P,F,T,I
EPI_ISL_406223,T,V,S,C,S,P,F,T,I
EPI_ISL_403937,T,V,S,C,L,P,F,T,I
EPI_ISL_410714,T,V,S,C,L,P,F,T,I
EPI_ISL_402131,T,V,S,C,S,P,F,T,I
EPI_ISL_404228,T,V,S,C,L,P,F,T,I
EPI_ISL_410531,T,V,S,C,L,P,F,T,I
EPI_ISL_410301,T,V,S,C,L,P,F,T,I
EPI_ISL_410045,T,V,S,C,S,P,F,T,I
EPI_ISL_406800,T,V,S,C,L,P,F,T,I
EPI_ISL_406716,T,V,S,C,L,P,F,T,I
EPI_ISL_403933,T,V,S,C,S,P,F,T,I
EPI_ISL_406596,T,V,S,C,L,P,F,T,I
MT039890,T,V,S,C,L,P,F,T,I
EPI_ISL_403928,T,V,S,C,L,P,F,T,I
EPI_ISL_408976,T,V,S,C,L,P,F,T,I
EPI_ISL_408481,T,V,S,C,L,P,F,T,I
EPI_ISL_406594,T,V,S,C,L,P,F,T,I
EPI_ISL_403931,T,V,S,C,L,P,F,T,I
EPI_ISL_406535,T,V,S,C,L,P,F,T,I
