,8503,8504,8505,8506,8507,8508,8509,8510,8511,8512,8513,8514,8515,8516,8517,8518,8519,8520,8521,8522,8523,8524,8525,8526,8527,8528,8529
EPI_ISL_407214,g,a,c,a,c,a,t,g,g,t,t,t,a,g,t,c,a,g,c,g,t,g,g,t,g,g,t
EPI_ISL_411950,g,a,c,a,c,a,t,g,g,t,t,t,a,g,c,c,a,g,c,g,t,g,g,t,g,g,t
EPI_ISL_411915,g,a,c,a,c,a,t,g,g,t,t,t,a,g,c,c,a,g,c,g,t,g,g,t,g,g,t
EPI_ISL_408515,g,a,c,a,c,a,t,g,g,t,t,t,a,g,c,c,a,g,c,g,t,g,g,t,g,g,t
EPI_ISL_406970,g,a,c,a,c,a,t,g,g,t,t,t,a,g,c,c,a,g,c,g,t,g,g,t,g,g,t
EPI_ISL_402120,g,a,c,a,c,a,t,g,g,t,t,t,a,g,c,c,a,g,c,g,t,g,g,t,g,g,t
EPI_ISL_403963,g,a,c,a,c,a,t,g,g,t,t,t,a,g,c,c,a,g,c,g,t,g,g,t,g,g,t
EPI_ISL_410545,g,a,c,a,c,a,t,g,g,t,t,t,a,g,c,c,a,g,c,g,t,g,g,t,g,g,t
EPI_ISL_410718,g,a,c,a,c,a,t,g,g,t,t,t,a,g,t,c,a,g,c,g,t,g,g,t,g,g,t
EPI_ISL_411956,g,a,c,a,c,a,t,g,g,t,t,t,a,g,t,c,a,g,c,g,t,g,g,t,g,g,t
EPI_ISL_407894,g,a,c,a,c,a,t,g,g,t,t,t,a,g,t,c,a,g,c,g,t,g,g,t,g,g,t
EPI_ISL_402124,g,a,c,a,c,a,t,g,g,t,t,t,a,g,c,c,a,g,c,g,t,g,g,t,g,g,t
EPI_ISL_409067,g,a,c,a,c,a,t,g,g,t,t,t,a,g,c,c,a,g,c,g,t,g,g,t,g,g,t
EPI_ISL_402119,g,a,c,a,c,a,t,g,g,t,t,t,a,g,c,c,a,g,c,g,t,g,g,t,g,g,t
EPI_ISL_408489,g,a,c,a,c,a,t,g,g,t,t,t,a,g,t,c,a,g,c,g,t,g,g,t,g,g,t
EPI_ISL_408431,g,a,c,a,c,a,t,g,g,t,t,t,a,g,c,c,a,g,c,g,t,g,g,t,g,g,t
EPI_ISL_408668,g,a,c,a,c,a,t,g,g,t,t,t,a,g,t,c,a,g,c,g,t,g,g,t,g,g,t
EPI_ISL_408511,g,a,c,a,c,a,t,g,g,t,t,t,a,g,c,c,a,g,c,g,t,g,g,t,g,g,t
EPI_ISL_407896,g,a,c,a,c,a,t,g,g,t,t,t,a,g,t,c,a,g,c,g,t,g,g,t,g,g,t
EPI_ISL_407976,g,a,c,a,c,a,t,g,g,t,t,t,a,g,t,c,a,g,c,g,t,g,g,t,g,g,t
EPI_ISL_411954,g,a,c,a,c,a,t,g,g,t,t,t,a,g,t,c,a,g,c,g,t,g,g,t,g,g,t
EPI_ISL_406031,g,a,c,a,c,a,t,g,g,t,t,t,a,g,c,c,a,g,c,g,t,g,g,t,g,g,t
EPI_ISL_407313,g,a,c,a,c,a,t,g,g,t,t,t,a,g,c,c,a,g,c,g,t,g,g,t,g,g,t
EPI_ISL_412026,g,a,c,a,c,a,t,g,g,t,t,t,a,g,c,c,a,g,c,g,t,g,g,t,g,g,t
EPI_ISL_402121,g,a,c,a,c,a,t,g,g,t,t,t,a,g,c,c,a,g,c,g,t,g,g,t,g,g,t
EPI_ISL_403962,g,a,c,a,c,a,t,g,g,t,t,t,a,g,c,c,a,g,c,g,t,g,g,t,g,g,t
EPI_ISL_410720,g,a,c,a,c,a,t,g,g,t,t,t,a,g,c,c,a,g,c,g,t,g,g,t,g,g,t
EPI_ISL_411953,g,a,c,a,c,a,t,g,g,t,t,t,a,g,c,c,a,g,c,g,t,g,g,t,g,g,t
EPI_ISL_407193,g,a,c,a,c,a,t,g,g,t,t,t,a,g,t,c,a,g,c,g,t,g,g,t,g,g,t
EPI_ISL_406036,g,a,c,a,c,a,t,g,g,t,t,t,a,g,c,c,a,g,c,g,t,g,g,t,g,g,t
EPI_ISL_407073,g,a,c,a,c,a,t,g,g,t,t,t,a,g,t,c,a,g,c,g,t,g,g,t,g,g,t
EPI_ISL_410546,g,a,c,a,c,a,t,g,g,t,t,t,a,g,c,c,a,g,c,g,t,g,g,t,g,g,t
EPI_ISL_406034,g,a,c,a,c,a,t,g,g,t,t,t,a,g,t,c,a,g,c,g,t,g,g,t,g,g,t
EPI_ISL_407071,g,a,c,a,c,a,t,g,g,t,t,t,a,g,t,c,a,g,c,g,t,g,g,t,g,g,t
EPI_ISL_406538,g,a,c,a,c,a,t,g,g,t,t,t,a,g,c,c,a,g,c,g,t,g,g,t,g,g,t
EPI_ISL_407215,g,a,c,a,c,a,t,g,g,t,t,t,a,g,t,c,a,g,c,g,t,g,g,t,g,g,t
EPI_ISL_404227,g,a,c,a,c,a,t,g,g,t,t,t,a,g,c,c,a,g,c,g,t,g,g,t,g,g,t
EPI_ISL_408514,g,a,c,a,c,a,t,g,g,t,t,t,a,g,c,c,a,g,c,g,t,g,g,t,g,g,t
EPI_ISL_407893,g,a,c,a,c,a,t,g,g,t,t,t,a,g,t,c,a,g,c,g,t,g,g,t,g,g,t
EPI_ISL_402123,g,a,c,a,c,a,t,g,g,t,t,t,a,g,c,c,a,g,c,g,t,g,g,t,g,g,t
EPI_ISL_406973,g,a,c,a,c,a,t,g,g,t,t,t,a,g,c,c,a,g,c,g,t,g,g,t,g,g,t
EPI_ISL_402127,g,a,c,a,c,a,t,g,g,t,t,t,a,g,c,c,a,g,c,g,t,g,g,t,g,g,t
EPI_ISL_408669,g,a,c,a,c,a,t,g,g,t,t,t,a,g,c,c,a,g,c,g,t,g,g,t,g,g,t
EPI_ISL_408488,g,a,c,a,c,a,t,g,g,t,t,t,a,g,c,c,a,g,c,g,t,g,g,t,g,g,t
EPI_ISL_408430,g,a,c,a,c,a,t,g,g,t,t,t,a,g,c,c,a,g,c,g,t,g,g,t,g,g,t
EPI_ISL_406030,g,a,c,a,c,a,t,g,g,t,t,t,a,g,t,c,a,g,c,g,t,g,g,t,g,g,t
EPI_ISL_411955,g,a,c,a,c,a,t,g,g,t,t,t,a,g,c,c,a,g,c,g,t,g,g,t,g,g,t
EPI_ISL_406798,g,a,c,a,c,a,t,g,g,t,t,t,a,g,c,c,a,g,c,g,t,g,g,t,g,g,t
EPI_ISL_405839,g,a,c,a,c,a,t,g,g,t,t,t,a,g,t,c,a,g,c,g,t,g,g,t,g,g,t
EPI_ISL_408670,g,a,c,a,c,a,t,g,g,t,t,t,a,g,c,c,a,g,c,g,t,g,g,t,g,g,t
EPI_ISL_411957,g,a,c,a,c,a,t,g,g,t,t,t,a,g,c,c,a,g,c,g,t,g,g,t,g,g,t
EPI_ISL_410719,g,a,c,a,c,a,t,g,g,t,t,t,a,g,c,c,a,g,c,g,t,g,g,t,g,g,t
EPI_ISL_407988,g,a,c,a,c,a,t,g,g,t,t,t,a,g,c,c,a,g,c,g,t,g,g,t,g,g,t
EPI_ISL_402125,g,a,c,a,c,a,t,g,g,t,t,t,a,g,c,c,a,g,c,g,t,g,g,t,g,g,t
EPI_ISL_402129,g,a,c,a,c,a,t,g,g,t,t,t,a,g,c,c,a,g,c,g,t,g,g,t,g,g,t
EPI_ISL_408667,g,a,c,a,c,a,t,g,g,t,t,t,a,g,t,c,a,g,c,g,t,g,g,t,g,g,t
EPI_ISL_406593,g,a,c,a,c,a,t,g,g,t,t,t,a,g,t,c,a,g,c,g,t,g,g,t,g,g,t
EPI_ISL_408486,g,a,c,a,c,a,t,g,g,t,t,t,a,g,c,c,a,g,c,g,t,g,g,t,g,g,t
EPI_ISL_403936,g,a,c,a,c,a,t,g,g,t,t,t,a,g,c,c,a,g,c,g,t,g,g,t,g,g,t
EPI_ISL_402130,g,a,c,a,c,a,t,g,g,t,t,t,a,g,c,c,a,g,c,g,t,g,g,t,g,g,t
EPI_ISL_410715,g,a,c,a,c,a,t,g,g,t,t,t,a,g,c,c,a,g,c,g,t,g,g,t,g,g,t
EPI_ISL_411219,g,a,c,a,c,a,t,g,g,t,t,t,a,g,c,c,a,g,c,g,t,g,g,t,g,g,t
EPI_ISL_408009,g,a,c,a,c,a,t,g,g,t,t,t,a,g,c,c,a,g,c,g,t,g,g,t,g,g,t
EPI_ISL_410536,g,a,c,a,c,a,t,g,g,t,t,t,a,g,c,c,a,g,c,g,t,g,g,t,g,g,t
EPI_ISL_403934,g,a,c,a,c,a,t,g,g,t,t,t,a,g,c,c,a,g,c,g,t,g,g,t,g,g,t
EPI_ISL_402132,g,a,c,a,c,a,t,g,g,t,t,t,a,g,c,c,a,g,c,g,t,g,g,t,g,g,t
EPI_ISL_410717,g,a,c,a,c,a,t,g,g,t,t,t,a,g,t,c,a,g,c,g,t,g,g,t,g,g,t
EPI_ISL_407084,g,a,c,a,c,a,t,g,g,t,t,t,a,g,c,c,a,g,c,g,t,g,g,t,g,g,t
EPI_ISL_408665,g,a,c,a,c,a,t,g,g,t,t,t,a,g,t,c,a,g,c,g,t,g,g,t,g,g,t
EPI_ISL_408484,g,a,c,a,c,a,t,g,g,t,t,t,a,g,t,c,a,g,c,g,t,g,g,t,g,g,t
EPI_ISL_408010,g,a,c,a,c,a,t,g,g,t,t,t,a,g,c,c,a,g,c,g,t,g,g,t,g,g,t
EPI_ISL_408479,g,a,c,a,c,a,t,g,g,t,t,t,a,g,c,c,a,g,c,g,t,g,g,t,g,g,t
EPI_ISL_411066,g,a,c,a,c,a,t,g,g,t,t,t,a,g,c,c,a,g,c,g,t,g,g,t,g,g,t
EPI_ISL_408480,g,a,c,a,c,a,t,g,g,t,t,t,a,g,t,c,a,g,c,g,t,g,g,t,g,g,t
EPI_ISL_412028,g,a,c,a,c,a,t,g,g,t,t,t,a,g,t,c,a,g,c,g,t,g,g,t,g,g,t
EPI_ISL_403929,g,a,c,a,c,a,t,g,g,t,t,t,a,g,c,c,a,g,c,g,t,g,g,t,g,g,t
EPI_ISL_408977,g,a,c,a,c,a,t,g,g,t,t,t,a,g,c,c,a,g,c,g,t,g,g,t,g,g,t
EPI_ISL_406862,g,a,c,a,c,a,t,g,g,t,t,t,a,g,c,c,a,g,c,g,t,g,g,t,g,g,t
EPI_ISL_410532,g,a,c,a,c,a,t,g,g,t,t,t,a,g,c,c,a,g,c,g,t,g,g,t,g,g,t
EPI_ISL_406534,g,a,c,a,c,a,t,g,g,t,t,t,a,g,c,c,a,g,c,g,t,g,g,t,g,g,t
EPI_ISL_404253,g,a,c,a,c,a,t,g,g,t,t,t,a,g,y,c,a,g,c,g,t,g,g,t,g,g,t
EPI_ISL_403930,g,a,c,a,c,a,t,g,g,t,t,t,a,g,c,c,a,g,c,g,t,g,g,t,g,g,t
EPI_ISL_410713,g,a,c,a,c,a,t,g,g,t,t,t,a,g,c,c,a,g,c,g,t,g,g,t,g,g,t
EPI_ISL_411220,g,a,c,a,c,a,t,g,g,t,t,t,a,g,c,c,a,g,c,g,t,g,g,t,g,g,t
EPI_ISL_411927,g,a,c,a,c,a,t,g,g,t,t,t,a,g,c,c,a,g,c,g,t,g,g,t,g,g,t
EPI_ISL_403932,g,a,c,a,c,a,t,g,g,t,t,t,a,g,t,c,a,g,c,g,t,g,g,t,g,g,t
EPI_ISL_406717,g,a,c,a,c,a,t,g,g,t,t,t,a,g,c,c,a,g,c,g,t,g,g,t,g,g,t
EPI_ISL_410044,g,a,c,a,c,a,t,g,g,t,t,t,a,g,c,c,a,g,c,g,t,g,g,t,g,g,t
EPI_ISL_406801,g,a,c,a,c,a,t,g,g,t,t,t,a,g,t,c,a,g,c,g,t,g,g,t,g,g,t
EPI_ISL_406844,g,a,c,a,c,a,t,g,g,t,t,t,a,g,c,c,a,g,c,g,t,g,g,t,g,g,t
EPI_ISL_406536,g,a,c,a,c,a,t,g,g,t,t,t,a,g,c,c,a,g,c,g,t,g,g,t,g,g,t
EPI_ISL_411060,g,a,c,a,c,a,t,g,g,t,t,t,a,g,t,c,a,g,c,g,t,g,g,t,g,g,t
EPI_ISL_406597,g,a,c,a,c,a,t,g,g,t,t,t,a,g,c,c,a,g,c,g,t,g,g,t,g,g,t
EPI_ISL_403935,g,a,c,a,c,a,t,g,g,t,t,t,a,g,t,c,a,g,c,g,t,g,g,t,g,g,t
EPI_ISL_410716,g,a,c,a,c,a,t,g,g,t,t,t,a,g,c,c,a,g,c,g,t,g,g,t,g,g,t
EPI_ISL_408008,g,a,c,a,c,a,t,g,g,t,t,t,a,g,c,c,a,g,c,g,t,g,g,t,g,g,t
EPI_ISL_410537,g,a,c,a,c,a,t,g,g,t,t,t,a,g,c,c,a,g,c,g,t,g,g,t,g,g,t
EPI_ISL_406531,g,a,c,a,c,a,t,g,g,t,t,t,a,g,c,c,a,g,c,g,t,g,g,t,g,g,t
EPI_ISL_407987,g,a,c,a,c,a,t,g,g,t,t,t,a,g,c,c,a,g,c,g,t,g,g,t,g,g,t
EPI_ISL_408478,g,a,c,a,c,a,t,g,g,t,t,t,a,g,t,c,a,g,c,g,t,g,g,t,g,g,t
EPI_ISL_404895,g,a,c,a,c,a,t,g,g,t,t,t,a,g,t,c,a,g,c,g,t,g,g,t,g,g,t
EPI_ISL_408666,g,a,c,a,c,a,t,g,g,t,t,t,a,g,t,c,a,g,c,g,t,g,g,t,g,g,t
EPI_ISL_402128,g,a,c,a,c,a,t,g,g,t,t,t,a,g,c,c,a,g,c,g,t,g,g,t,g,g,t
EPI_ISL_410535,g,a,c,a,c,a,t,g,g,t,t,t,a,g,t,c,a,g,c,g,t,g,g,t,g,g,t
EPI_ISL_406533,g,a,c,a,c,a,t,g,g,t,t,t,a,g,c,c,a,g,c,g,t,g,g,t,g,g,t
EPI_ISL_411218,g,a,c,a,c,a,t,g,g,t,t,t,a,g,c,c,a,g,c,g,t,g,g,t,g,g,t
EPI_ISL_410218,g,a,c,a,c,a,t,g,g,t,t,t,a,g,c,c,a,g,c,g,t,g,g,t,g,g,t
EPI_ISL_406223,g,a,c,a,c,a,t,g,g,t,t,t,a,g,t,c,a,g,c,g,t,g,g,t,g,g,t
EPI_ISL_412116,g,a,c,a,c,a,t,g,g,t,t,t,a,g,c,c,a,g,c,g,t,g,g,t,g,g,t
EPI_ISL_403937,g,a,c,a,c,a,t,g,g,t,t,t,a,g,c,c,a,g,c,g,t,g,g,t,g,g,t
EPI_ISL_410714,g,a,c,a,c,a,t,g,g,t,t,t,a,g,c,c,a,g,c,g,t,g,g,t,g,g,t
EPI_ISL_402131,g,a,c,a,c,a,t,g,g,t,t,t,a,g,t,c,a,g,c,g,t,g,g,t,g,g,t
EPI_ISL_404228,g,a,c,a,c,a,t,g,g,t,t,t,a,g,c,c,a,g,c,g,t,g,g,t,g,g,t
EPI_ISL_410531,g,a,c,a,c,a,t,g,g,t,t,t,a,g,c,c,a,g,c,g,t,g,g,t,g,g,t
EPI_ISL_410301,g,a,c,a,c,a,t,g,g,t,t,t,a,g,c,c,a,g,c,g,t,g,g,t,g,g,t
EPI_ISL_410045,g,a,c,a,c,a,t,g,g,t,t,t,a,g,t,c,a,g,c,g,t,g,g,t,g,g,t
EPI_ISL_406800,g,a,c,a,c,a,t,g,g,t,t,t,a,g,c,c,a,g,c,g,t,g,g,t,g,g,t
EPI_ISL_406716,g,a,c,a,c,a,t,g,g,t,t,t,a,g,c,c,a,g,c,g,t,g,g,t,g,g,t
EPI_ISL_403933,g,a,c,a,c,a,t,g,g,t,t,t,a,g,t,c,a,g,c,g,t,g,g,t,g,g,t
EPI_ISL_411926,g,a,c,a,c,a,t,g,g,t,t,t,a,g,t,c,a,g,c,g,t,g,g,t,g,g,t
EPI_ISL_411902,g,a,c,a,c,a,t,g,g,t,t,t,a,g,c,c,a,g,c,g,t,g,g,t,g,g,t
EPI_ISL_406596,g,a,c,a,c,a,t,g,g,t,t,t,a,g,c,c,a,g,c,g,t,g,g,t,g,g,t
EPI_ISL_403928,g,a,c,a,c,a,t,g,g,t,t,t,a,g,c,c,a,g,c,g,t,g,g,t,g,g,t
EPI_ISL_408976,g,a,c,a,c,a,t,g,g,t,t,t,a,g,c,c,a,g,c,g,t,g,g,t,g,g,t
EPI_ISL_412029,g,a,c,a,c,a,t,g,g,t,t,t,a,g,c,c,a,g,c,g,t,g,g,t,g,g,t
EPI_ISL_408481,g,a,c,a,c,a,t,g,g,t,t,t,a,g,c,c,a,g,c,g,t,g,g,t,g,g,t
EPI_ISL_406594,g,a,c,a,c,a,t,g,g,t,t,t,a,g,c,c,a,g,c,g,t,g,g,t,g,g,t
EPI_ISL_403931,g,a,c,a,c,a,t,g,g,t,t,t,a,g,c,c,a,g,c,g,t,g,g,t,g,g,t
EPI_ISL_406535,g,a,c,a,c,a,t,g,g,t,t,t,a,g,c,c,a,g,c,g,t,g,g,t,g,g,t
EPI_ISL_412030,g,a,c,a,c,a,t,g,g,t,t,t,a,g,c,c,a,g,c,g,t,g,g,t,g,g,t
EPI_ISL_410721,g,a,t,a,c,a,t,g,g,t,t,t,a,g,t,c,a,g,c,g,t,g,g,t,g,g,t
EPI_ISL_410541,g,a,c,t,c,a,t,g,g,t,t,t,a,g,t,c,a,a,c,g,t,g,g,t,g,g,t
EPI_ISL_410539,g,a,c,t,c,a,t,g,g,t,t,t,a,g,t,c,a,a,c,g,t,g,g,t,g,g,t
EPI_ISL_410542,g,a,c,t,c,a,t,g,g,t,t,t,a,g,t,c,a,a,c,g,t,g,g,t,g,g,t
EPI_ISL_410538,g,a,c,t,c,a,t,g,g,t,t,t,a,g,t,c,a,a,c,g,t,g,g,t,g,g,t
EPI_ISL_410540,g,a,c,t,c,a,t,g,g,t,t,t,a,g,t,c,a,a,c,g,t,g,g,t,g,g,t
